image_path,haze_color,haze_density
/home/duynd/haze_attrs/Haze_attributes/0/image_2510.jpg,2,1
/home/duynd/haze_attrs/Haze_attributes/0/image_3914.jpg,3,2
/home/duynd/haze_attrs/Haze_attributes/0/image_3705.jpg,1,0
/home/duynd/haze_attrs/Haze_attributes/0/image_813.jpg,2,1
/home/duynd/haze_attrs/Haze_attributes/0/image_3638.jpg,0,0
/home/duynd/haze_attrs/Haze_attributes/0/image_2207.jpg,2,1
/home/duynd/haze_attrs/Haze_attributes/0/image_3972.jpg,3,1
/home/duynd/haze_attrs/Haze_attributes/0/image_5295.jpg,3,1
/home/duynd/haze_attrs/Haze_attributes/0/image_2578.jpg,1,1
/home/duynd/haze_attrs/Haze_attributes/0/image_5218.jpg,3,1
/home/duynd/haze_attrs/Haze_attributes/0/image_3586.jpg,1,1
/home/duynd/haze_attrs/Haze_attributes/0/image_5095.jpg,3,1
/home/duynd/haze_attrs/Haze_attributes/0/image_3894.jpg,2,1
/home/duynd/haze_attrs/Haze_attributes/0/image_5117.jpg,0,0
/home/duynd/haze_attrs/Haze_attributes/0/image_4430.jpg,3,1
/home/duynd/haze_attrs/Haze_attributes/0/image_628.jpg,3,1
/home/duynd/haze_attrs/Haze_attributes/0/image_3853.jpg,2,1
/home/duynd/haze_attrs/Haze_attributes/0/image_4143.jpg,0,1
/home/duynd/haze_attrs/Haze_attributes/0/image_1212.jpg,3,1
/home/duynd/haze_attrs/Haze_attributes/0/image_4335.jpg,1,1
/home/duynd/haze_attrs/Haze_attributes/0/image_3539.jpg,2,2
/home/duynd/haze_attrs/Haze_attributes/0/image_825.jpg,1,2
/home/duynd/haze_attrs/Haze_attributes/0/image_3165.jpg,1,2
/home/duynd/haze_attrs/Haze_attributes/0/image_4024.jpg,3,1
/home/duynd/haze_attrs/Haze_attributes/0/image_3177.jpg,3,2
/home/duynd/haze_attrs/Haze_attributes/0/image_3387.jpg,1,1
/home/duynd/haze_attrs/Haze_attributes/0/image_2590.jpg,3,1
/home/duynd/haze_attrs/Haze_attributes/0/image_2979.jpg,2,1
/home/duynd/haze_attrs/Haze_attributes/0/image_4466.jpg,0,0
/home/duynd/haze_attrs/Haze_attributes/0/image_2804.jpg,3,1
/home/duynd/haze_attrs/Haze_attributes/0/image_3526.jpg,3,1
/home/duynd/haze_attrs/Haze_attributes/0/image_2925.jpg,2,2
/home/duynd/haze_attrs/Haze_attributes/0/image_4339.jpg,3,2
/home/duynd/haze_attrs/Haze_attributes/0/image_892.jpg,3,1
/home/duynd/haze_attrs/Haze_attributes/0/image_3818.jpg,2,1
/home/duynd/haze_attrs/Haze_attributes/0/image_4567.jpg,2,2
/home/duynd/haze_attrs/Haze_attributes/0/image_484.jpg,3,1
/home/duynd/haze_attrs/Haze_attributes/0/image_3892.jpg,3,2
/home/duynd/haze_attrs/Haze_attributes/0/image_3182.jpg,2,1
/home/duynd/haze_attrs/Haze_attributes/0/image_3499.jpg,3,1
/home/duynd/haze_attrs/Haze_attributes/0/image_5075.jpg,1,1
/home/duynd/haze_attrs/Haze_attributes/0/image_3929.jpg,3,1
/home/duynd/haze_attrs/Haze_attributes/0/image_2560.jpg,3,1
/home/duynd/haze_attrs/Haze_attributes/0/image_999.jpg,2,1
/home/duynd/haze_attrs/Haze_attributes/0/image_2867.jpg,3,1
/home/duynd/haze_attrs/Haze_attributes/0/image_763.jpg,3,1
/home/duynd/haze_attrs/Haze_attributes/0/image_4100.jpg,3,1
/home/duynd/haze_attrs/Haze_attributes/0/image_3238.jpg,0,0
/home/duynd/haze_attrs/Haze_attributes/0/image_4128.jpg,2,2
/home/duynd/haze_attrs/Haze_attributes/0/image_1560.jpg,3,2
/home/duynd/haze_attrs/Haze_attributes/0/image_3467.jpg,2,1
/home/duynd/haze_attrs/Haze_attributes/0/image_1858.jpg,3,3
/home/duynd/haze_attrs/Haze_attributes/0/image_2168.jpg,1,2
/home/duynd/haze_attrs/Haze_attributes/0/image_2761.jpg,3,1
/home/duynd/haze_attrs/Haze_attributes/0/image_3496.jpg,0,1
/home/duynd/haze_attrs/Haze_attributes/0/image_4873.jpg,3,1
/home/duynd/haze_attrs/Haze_attributes/0/image_632.jpg,3,2
/home/duynd/haze_attrs/Haze_attributes/0/image_2689.jpg,3,2
/home/duynd/haze_attrs/Haze_attributes/0/image_1260.jpg,2,1
/home/duynd/haze_attrs/Haze_attributes/0/image_2506.jpg,0,0
/home/duynd/haze_attrs/Haze_attributes/0/image_42.jpg,3,2
/home/duynd/haze_attrs/Haze_attributes/0/image_5203.jpg,2,3
/home/duynd/haze_attrs/Haze_attributes/0/image_660.jpg,2,1
/home/duynd/haze_attrs/Haze_attributes/0/image_3038.jpg,3,1
/home/duynd/haze_attrs/Haze_attributes/0/image_710.jpg,2,2
/home/duynd/haze_attrs/Haze_attributes/0/image_3552.jpg,3,3
/home/duynd/haze_attrs/Haze_attributes/0/image_1092.jpg,2,1
/home/duynd/haze_attrs/Haze_attributes/0/image_1055.jpg,3,1
/home/duynd/haze_attrs/Haze_attributes/0/image_5090.jpg,1,1
/home/duynd/haze_attrs/Haze_attributes/0/image_5140.jpg,1,2
/home/duynd/haze_attrs/Haze_attributes/0/image_3115.jpg,0,0
/home/duynd/haze_attrs/Haze_attributes/0/image_2311.jpg,0,0
/home/duynd/haze_attrs/Haze_attributes/0/image_2306.jpg,3,1
/home/duynd/haze_attrs/Haze_attributes/0/image_3782.jpg,3,2
/home/duynd/haze_attrs/Haze_attributes/0/image_3239.jpg,3,3
/home/duynd/haze_attrs/Haze_attributes/0/image_1906.jpg,2,2
/home/duynd/haze_attrs/Haze_attributes/0/image_1920.jpg,3,1
/home/duynd/haze_attrs/Haze_attributes/0/image_3603.jpg,3,1
/home/duynd/haze_attrs/Haze_attributes/0/image_3732.jpg,1,1
/home/duynd/haze_attrs/Haze_attributes/0/image_4601.jpg,3,1
/home/duynd/haze_attrs/Haze_attributes/0/image_2616.jpg,3,1
/home/duynd/haze_attrs/Haze_attributes/0/image_1083.jpg,2,1
/home/duynd/haze_attrs/Haze_attributes/0/image_2969.jpg,0,0
/home/duynd/haze_attrs/Haze_attributes/0/image_3707.jpg,3,1
/home/duynd/haze_attrs/Haze_attributes/0/image_2628.jpg,3,1
/home/duynd/haze_attrs/Haze_attributes/0/image_3780.jpg,3,2
/home/duynd/haze_attrs/Haze_attributes/0/image_2933.jpg,1,3
/home/duynd/haze_attrs/Haze_attributes/0/image_4781.jpg,3,2
/home/duynd/haze_attrs/Haze_attributes/0/image_2395.jpg,0,0
/home/duynd/haze_attrs/Haze_attributes/0/image_3749.jpg,2,3
/home/duynd/haze_attrs/Haze_attributes/0/image_4670.jpg,3,1
/home/duynd/haze_attrs/Haze_attributes/0/image_3877.jpg,2,1
/home/duynd/haze_attrs/Haze_attributes/0/image_2349.jpg,0,0
/home/duynd/haze_attrs/Haze_attributes/0/image_3642.jpg,3,1
/home/duynd/haze_attrs/Haze_attributes/0/image_23.jpg,2,1
/home/duynd/haze_attrs/Haze_attributes/0/image_3034.jpg,1,3
/home/duynd/haze_attrs/Haze_attributes/0/image_2577.jpg,3,2
/home/duynd/haze_attrs/Haze_attributes/0/image_444.jpg,2,1
/home/duynd/haze_attrs/Haze_attributes/0/image_1987.jpg,3,1
/home/duynd/haze_attrs/Haze_attributes/0/image_2893.jpg,0,1
/home/duynd/haze_attrs/Haze_attributes/0/image_2238.jpg,1,1
/home/duynd/haze_attrs/Haze_attributes/0/image_831.jpg,3,2
/home/duynd/haze_attrs/Haze_attributes/0/image_4480.jpg,3,2
/home/duynd/haze_attrs/Haze_attributes/0/image_1777.jpg,1,2
/home/duynd/haze_attrs/Haze_attributes/0/image_2371.jpg,3,2
/home/duynd/haze_attrs/Haze_attributes/0/image_5019.jpg,1,2
/home/duynd/haze_attrs/Haze_attributes/0/image_3318.jpg,3,2
/home/duynd/haze_attrs/Haze_attributes/0/image_1257.jpg,3,1
/home/duynd/haze_attrs/Haze_attributes/0/image_5301.jpg,3,1
/home/duynd/haze_attrs/Haze_attributes/0/image_673.jpg,3,2
/home/duynd/haze_attrs/Haze_attributes/0/image_4687.jpg,3,2
/home/duynd/haze_attrs/Haze_attributes/0/image_3307.jpg,1,1
/home/duynd/haze_attrs/Haze_attributes/0/image_3891.jpg,1,1
/home/duynd/haze_attrs/Haze_attributes/0/image_3196.jpg,0,0
/home/duynd/haze_attrs/Haze_attributes/0/image_200.jpg,2,1
/home/duynd/haze_attrs/Haze_attributes/0/image_2364.jpg,1,3
/home/duynd/haze_attrs/Haze_attributes/0/image_4301.jpg,1,1
/home/duynd/haze_attrs/Haze_attributes/0/image_2853.jpg,1,1
/home/duynd/haze_attrs/Haze_attributes/0/image_2454.jpg,2,2
/home/duynd/haze_attrs/Haze_attributes/0/image_1168.jpg,3,1
/home/duynd/haze_attrs/Haze_attributes/0/image_1506.jpg,2,2
/home/duynd/haze_attrs/Haze_attributes/0/image_1499.jpg,3,1
/home/duynd/haze_attrs/Haze_attributes/0/image_3191.jpg,1,2
/home/duynd/haze_attrs/Haze_attributes/0/image_4965.jpg,2,2
/home/duynd/haze_attrs/Haze_attributes/0/image_97.jpg,3,2
/home/duynd/haze_attrs/Haze_attributes/0/image_3103.jpg,2,1
/home/duynd/haze_attrs/Haze_attributes/0/image_5246.jpg,3,1
/home/duynd/haze_attrs/Haze_attributes/0/image_2363.jpg,3,2
/home/duynd/haze_attrs/Haze_attributes/0/image_1334.jpg,3,2
/home/duynd/haze_attrs/Haze_attributes/0/image_1399.jpg,2,1
/home/duynd/haze_attrs/Haze_attributes/0/image_727.jpg,3,1
/home/duynd/haze_attrs/Haze_attributes/0/image_2723.jpg,2,3
/home/duynd/haze_attrs/Haze_attributes/0/image_4848.jpg,3,1
/home/duynd/haze_attrs/Haze_attributes/0/image_2967.jpg,1,1
/home/duynd/haze_attrs/Haze_attributes/0/image_4577.jpg,1,3
/home/duynd/haze_attrs/Haze_attributes/0/image_5161.jpg,3,1
/home/duynd/haze_attrs/Haze_attributes/0/image_2943.jpg,3,2
/home/duynd/haze_attrs/Haze_attributes/0/image_2044.jpg,3,1
/home/duynd/haze_attrs/Haze_attributes/0/image_885.jpg,2,1
/home/duynd/haze_attrs/Haze_attributes/0/image_1319.jpg,3,1
/home/duynd/haze_attrs/Haze_attributes/0/image_5012.jpg,0,0
/home/duynd/haze_attrs/Haze_attributes/0/image_4294.jpg,3,2
/home/duynd/haze_attrs/Haze_attributes/0/image_4193.jpg,3,1
/home/duynd/haze_attrs/Haze_attributes/0/image_4970.jpg,3,2
/home/duynd/haze_attrs/Haze_attributes/0/image_3049.jpg,2,1
/home/duynd/haze_attrs/Haze_attributes/0/image_1144.jpg,2,1
/home/duynd/haze_attrs/Haze_attributes/0/image_5105.jpg,3,2
/home/duynd/haze_attrs/Haze_attributes/0/image_1732.jpg,1,2
/home/duynd/haze_attrs/Haze_attributes/0/image_3928.jpg,0,0
/home/duynd/haze_attrs/Haze_attributes/0/image_1866.jpg,3,1
/home/duynd/haze_attrs/Haze_attributes/0/image_528.jpg,3,2
/home/duynd/haze_attrs/Haze_attributes/0/image_3220.jpg,1,2
/home/duynd/haze_attrs/Haze_attributes/0/image_3865.jpg,1,1
/home/duynd/haze_attrs/Haze_attributes/0/image_4113.jpg,2,1
/home/duynd/haze_attrs/Haze_attributes/0/image_3489.jpg,3,1
/home/duynd/haze_attrs/Haze_attributes/0/image_3400.jpg,3,2
/home/duynd/haze_attrs/Haze_attributes/0/image_3285.jpg,3,1
/home/duynd/haze_attrs/Haze_attributes/0/image_3192.jpg,0,0
/home/duynd/haze_attrs/Haze_attributes/0/image_1498.jpg,0,0
/home/duynd/haze_attrs/Haze_attributes/0/image_99.jpg,0,0
/home/duynd/haze_attrs/Haze_attributes/0/image_3476.jpg,3,2
/home/duynd/haze_attrs/Haze_attributes/0/image_557.jpg,0,0
/home/duynd/haze_attrs/Haze_attributes/0/image_2699.jpg,3,1
/home/duynd/haze_attrs/Haze_attributes/0/image_2841.jpg,0,0
/home/duynd/haze_attrs/Haze_attributes/0/image_4711.jpg,3,1
/home/duynd/haze_attrs/Haze_attributes/0/image_1404.jpg,3,3
/home/duynd/haze_attrs/Haze_attributes/0/image_457.jpg,1,2
/home/duynd/haze_attrs/Haze_attributes/0/image_4978.jpg,0,0
/home/duynd/haze_attrs/Haze_attributes/0/image_2829.jpg,3,1
/home/duynd/haze_attrs/Haze_attributes/0/image_3827.jpg,1,1
/home/duynd/haze_attrs/Haze_attributes/0/image_662.jpg,2,1
/home/duynd/haze_attrs/Haze_attributes/0/image_4101.jpg,1,1
/home/duynd/haze_attrs/Haze_attributes/0/image_3056.jpg,3,1
/home/duynd/haze_attrs/Haze_attributes/0/image_4471.jpg,3,2
/home/duynd/haze_attrs/Haze_attributes/0/image_2940.jpg,3,1
/home/duynd/haze_attrs/Haze_attributes/0/image_1965.jpg,0,0
/home/duynd/haze_attrs/Haze_attributes/0/image_3241.jpg,1,2
/home/duynd/haze_attrs/Haze_attributes/0/image_136.jpg,3,2
/home/duynd/haze_attrs/Haze_attributes/0/image_3390.jpg,3,2
/home/duynd/haze_attrs/Haze_attributes/0/image_2470.jpg,1,1
/home/duynd/haze_attrs/Haze_attributes/0/image_445.jpg,3,2
/home/duynd/haze_attrs/Haze_attributes/0/image_3057.jpg,0,0
/home/duynd/haze_attrs/Haze_attributes/0/image_1742.jpg,2,1
/home/duynd/haze_attrs/Haze_attributes/0/image_4277.jpg,1,2
/home/duynd/haze_attrs/Haze_attributes/0/image_5275.jpg,3,1
/home/duynd/haze_attrs/Haze_attributes/0/image_856.jpg,3,1
/home/duynd/haze_attrs/Haze_attributes/0/image_2575.jpg,3,2
/home/duynd/haze_attrs/Haze_attributes/0/image_1160.jpg,3,2
/home/duynd/haze_attrs/Haze_attributes/0/image_3411.jpg,1,3
/home/duynd/haze_attrs/Haze_attributes/0/image_2994.jpg,3,3
/home/duynd/haze_attrs/Haze_attributes/0/image_760.jpg,3,1
/home/duynd/haze_attrs/Haze_attributes/0/image_1335.jpg,3,1
/home/duynd/haze_attrs/Haze_attributes/0/image_1969.jpg,3,2
/home/duynd/haze_attrs/Haze_attributes/0/image_745.jpg,3,2
/home/duynd/haze_attrs/Haze_attributes/0/image_2914.jpg,0,0
/home/duynd/haze_attrs/Haze_attributes/0/image_3514.jpg,2,2
/home/duynd/haze_attrs/Haze_attributes/0/image_2991.jpg,1,1
/home/duynd/haze_attrs/Haze_attributes/0/image_4108.jpg,1,1
/home/duynd/haze_attrs/Haze_attributes/0/image_4070.jpg,3,2
/home/duynd/haze_attrs/Haze_attributes/0/image_2702.jpg,3,2
/home/duynd/haze_attrs/Haze_attributes/0/image_3626.jpg,3,1
/home/duynd/haze_attrs/Haze_attributes/0/image_4129.jpg,3,1
/home/duynd/haze_attrs/Haze_attributes/0/image_4989.jpg,3,1
/home/duynd/haze_attrs/Haze_attributes/0/image_3116.jpg,2,1
/home/duynd/haze_attrs/Haze_attributes/0/image_2354.jpg,3,2
/home/duynd/haze_attrs/Haze_attributes/0/image_3277.jpg,1,1
/home/duynd/haze_attrs/Haze_attributes/0/image_3807.jpg,3,1
/home/duynd/haze_attrs/Haze_attributes/0/image_5318.jpg,3,1
/home/duynd/haze_attrs/Haze_attributes/0/image_5237.jpg,0,0
/home/duynd/haze_attrs/Haze_attributes/0/image_2715.jpg,3,1
/home/duynd/haze_attrs/Haze_attributes/0/image_4329.jpg,2,2
/home/duynd/haze_attrs/Haze_attributes/0/image_1259.jpg,2,1
/home/duynd/haze_attrs/Haze_attributes/0/image_104.jpg,0,0
/home/duynd/haze_attrs/Haze_attributes/0/image_4875.jpg,3,2
/home/duynd/haze_attrs/Haze_attributes/0/image_2997.jpg,3,2
/home/duynd/haze_attrs/Haze_attributes/0/image_1867.jpg,2,2
/home/duynd/haze_attrs/Haze_attributes/0/image_2818.jpg,2,2
/home/duynd/haze_attrs/Haze_attributes/0/image_4095.jpg,2,1
/home/duynd/haze_attrs/Haze_attributes/0/image_1169.jpg,3,1
/home/duynd/haze_attrs/Haze_attributes/0/image_2729.jpg,3,1
/home/duynd/haze_attrs/Haze_attributes/0/image_2375.jpg,1,2
/home/duynd/haze_attrs/Haze_attributes/0/image_586.jpg,3,1
/home/duynd/haze_attrs/Haze_attributes/0/image_3198.jpg,3,1
/home/duynd/haze_attrs/Haze_attributes/0/image_4225.jpg,0,0
/home/duynd/haze_attrs/Haze_attributes/0/image_5335.jpg,3,1
/home/duynd/haze_attrs/Haze_attributes/0/image_3076.jpg,3,2
/home/duynd/haze_attrs/Haze_attributes/0/image_5229.jpg,2,2
/home/duynd/haze_attrs/Haze_attributes/0/image_3741.jpg,1,1
/home/duynd/haze_attrs/Haze_attributes/0/image_3600.jpg,1,1
/home/duynd/haze_attrs/Haze_attributes/0/image_2186.jpg,1,0
/home/duynd/haze_attrs/Haze_attributes/0/image_2493.jpg,3,2
/home/duynd/haze_attrs/Haze_attributes/0/image_3245.jpg,1,1
/home/duynd/haze_attrs/Haze_attributes/0/image_3450.jpg,2,3
/home/duynd/haze_attrs/Haze_attributes/0/image_594.jpg,2,1
/home/duynd/haze_attrs/Haze_attributes/0/image_3674.jpg,0,0
/home/duynd/haze_attrs/Haze_attributes/0/image_3887.jpg,1,1
/home/duynd/haze_attrs/Haze_attributes/0/image_1985.jpg,1,3
/home/duynd/haze_attrs/Haze_attributes/0/image_3930.jpg,2,1
/home/duynd/haze_attrs/Haze_attributes/0/image_3729.jpg,1,1
/home/duynd/haze_attrs/Haze_attributes/0/image_1485.jpg,3,1
/home/duynd/haze_attrs/Haze_attributes/0/image_2253.jpg,3,1
/home/duynd/haze_attrs/Haze_attributes/0/image_1941.jpg,1,1
/home/duynd/haze_attrs/Haze_attributes/0/image_5300.jpg,3,1
/home/duynd/haze_attrs/Haze_attributes/0/image_5032.jpg,1,1
/home/duynd/haze_attrs/Haze_attributes/0/image_5005.jpg,3,2
/home/duynd/haze_attrs/Haze_attributes/0/image_495.jpg,3,1
/home/duynd/haze_attrs/Haze_attributes/0/image_3117.jpg,0,0
/home/duynd/haze_attrs/Haze_attributes/0/image_1040.jpg,3,1
/home/duynd/haze_attrs/Haze_attributes/0/image_2404.jpg,3,1
/home/duynd/haze_attrs/Haze_attributes/0/image_3376.jpg,0,0
/home/duynd/haze_attrs/Haze_attributes/0/image_606.jpg,3,2
/home/duynd/haze_attrs/Haze_attributes/0/image_2569.jpg,3,1
/home/duynd/haze_attrs/Haze_attributes/0/image_5013.jpg,0,0
/home/duynd/haze_attrs/Haze_attributes/0/image_2317.jpg,3,1
/home/duynd/haze_attrs/Haze_attributes/0/image_1615.jpg,2,1
/home/duynd/haze_attrs/Haze_attributes/0/image_3588.jpg,3,2
/home/duynd/haze_attrs/Haze_attributes/0/image_5011.jpg,2,2
/home/duynd/haze_attrs/Haze_attributes/0/image_476.jpg,0,0
/home/duynd/haze_attrs/Haze_attributes/0/image_4005.jpg,3,3
/home/duynd/haze_attrs/Haze_attributes/0/image_2796.jpg,3,2
/home/duynd/haze_attrs/Haze_attributes/0/image_2939.jpg,0,0
/home/duynd/haze_attrs/Haze_attributes/0/image_1150.jpg,0,0
/home/duynd/haze_attrs/Haze_attributes/0/image_4890.jpg,3,1
/home/duynd/haze_attrs/Haze_attributes/0/image_4512.jpg,2,3
/home/duynd/haze_attrs/Haze_attributes/0/image_3648.jpg,2,2
/home/duynd/haze_attrs/Haze_attributes/0/image_1329.jpg,3,2
/home/duynd/haze_attrs/Haze_attributes/0/image_2828.jpg,3,2
/home/duynd/haze_attrs/Haze_attributes/0/image_2631.jpg,3,1
/home/duynd/haze_attrs/Haze_attributes/0/image_952.jpg,3,2
/home/duynd/haze_attrs/Haze_attributes/0/image_2195.jpg,1,1
/home/duynd/haze_attrs/Haze_attributes/0/image_1973.jpg,2,1
/home/duynd/haze_attrs/Haze_attributes/0/image_5240.jpg,3,1
/home/duynd/haze_attrs/Haze_attributes/0/image_4117.jpg,3,2
/home/duynd/haze_attrs/Haze_attributes/0/image_1935.jpg,1,1
/home/duynd/haze_attrs/Haze_attributes/0/image_3461.jpg,3,1
/home/duynd/haze_attrs/Haze_attributes/0/image_4672.jpg,2,2
/home/duynd/haze_attrs/Haze_attributes/0/image_2429.jpg,0,0
/home/duynd/haze_attrs/Haze_attributes/0/image_1111.jpg,3,3
/home/duynd/haze_attrs/Haze_attributes/0/image_1925.jpg,3,1
/home/duynd/haze_attrs/Haze_attributes/0/image_5206.jpg,2,1
/home/duynd/haze_attrs/Haze_attributes/0/image_2813.jpg,2,1
/home/duynd/haze_attrs/Haze_attributes/0/image_2725.jpg,3,1
/home/duynd/haze_attrs/Haze_attributes/0/image_4342.jpg,3,2
/home/duynd/haze_attrs/Haze_attributes/0/image_2455.jpg,1,1
/home/duynd/haze_attrs/Haze_attributes/0/image_3309.jpg,3,1
/home/duynd/haze_attrs/Haze_attributes/0/image_2109.jpg,3,3
/home/duynd/haze_attrs/Haze_attributes/0/image_3399.jpg,2,1
/home/duynd/haze_attrs/Haze_attributes/0/image_977.jpg,3,1
/home/duynd/haze_attrs/Haze_attributes/0/image_2058.jpg,2,1
/home/duynd/haze_attrs/Haze_attributes/0/image_488.jpg,3,2
/home/duynd/haze_attrs/Haze_attributes/0/image_4770.jpg,0,0
/home/duynd/haze_attrs/Haze_attributes/0/image_2830.jpg,1,1
/home/duynd/haze_attrs/Haze_attributes/0/image_4042.jpg,3,1
/home/duynd/haze_attrs/Haze_attributes/0/image_975.jpg,2,3
/home/duynd/haze_attrs/Haze_attributes/0/image_2079.jpg,3,1
/home/duynd/haze_attrs/Haze_attributes/0/image_3193.jpg,2,3
/home/duynd/haze_attrs/Haze_attributes/0/image_3983.jpg,3,1
/home/duynd/haze_attrs/Haze_attributes/0/image_3518.jpg,1,1
/home/duynd/haze_attrs/Haze_attributes/0/image_2898.jpg,0,0
/home/duynd/haze_attrs/Haze_attributes/0/image_5289.jpg,2,1
/home/duynd/haze_attrs/Haze_attributes/0/image_759.jpg,2,2
/home/duynd/haze_attrs/Haze_attributes/0/image_3503.jpg,1,1
/home/duynd/haze_attrs/Haze_attributes/0/image_1263.jpg,2,1
/home/duynd/haze_attrs/Haze_attributes/0/image_2789.jpg,3,3
/home/duynd/haze_attrs/Haze_attributes/0/image_1353.jpg,1,1
/home/duynd/haze_attrs/Haze_attributes/0/image_3799.jpg,3,1
/home/duynd/haze_attrs/Haze_attributes/0/image_4850.jpg,1,1
/home/duynd/haze_attrs/Haze_attributes/0/image_223.jpg,3,1
/home/duynd/haze_attrs/Haze_attributes/0/image_5197.jpg,1,2
/home/duynd/haze_attrs/Haze_attributes/0/image_3094.jpg,3,1
/home/duynd/haze_attrs/Haze_attributes/0/image_3319.jpg,3,2
/home/duynd/haze_attrs/Haze_attributes/0/image_861.jpg,0,0
/home/duynd/haze_attrs/Haze_attributes/0/image_2398.jpg,2,1
/home/duynd/haze_attrs/Haze_attributes/0/image_4884.jpg,3,2
/home/duynd/haze_attrs/Haze_attributes/0/image_1019.jpg,3,3
/home/duynd/haze_attrs/Haze_attributes/0/image_1295.jpg,2,1
/home/duynd/haze_attrs/Haze_attributes/0/image_4107.jpg,2,2
/home/duynd/haze_attrs/Haze_attributes/0/image_3232.jpg,1,2
/home/duynd/haze_attrs/Haze_attributes/0/image_3618.jpg,3,2
/home/duynd/haze_attrs/Haze_attributes/0/image_4211.jpg,3,2
/home/duynd/haze_attrs/Haze_attributes/0/image_1474.jpg,2,1
/home/duynd/haze_attrs/Haze_attributes/0/image_3291.jpg,1,2
/home/duynd/haze_attrs/Haze_attributes/0/image_4920.jpg,3,2
/home/duynd/haze_attrs/Haze_attributes/0/image_4792.jpg,3,2
/home/duynd/haze_attrs/Haze_attributes/0/image_5152.jpg,2,2
/home/duynd/haze_attrs/Haze_attributes/0/image_2369.jpg,2,1
/home/duynd/haze_attrs/Haze_attributes/0/image_2803.jpg,3,1
/home/duynd/haze_attrs/Haze_attributes/0/image_2260.jpg,3,2
/home/duynd/haze_attrs/Haze_attributes/0/image_4816.jpg,3,1
/home/duynd/haze_attrs/Haze_attributes/0/image_3310.jpg,1,1
/home/duynd/haze_attrs/Haze_attributes/0/image_1356.jpg,1,3
/home/duynd/haze_attrs/Haze_attributes/0/image_4199.jpg,3,1
/home/duynd/haze_attrs/Haze_attributes/0/image_3842.jpg,3,1
/home/duynd/haze_attrs/Haze_attributes/0/image_2246.jpg,3,1
/home/duynd/haze_attrs/Haze_attributes/0/image_1882.jpg,0,0
/home/duynd/haze_attrs/Haze_attributes/0/image_2213.jpg,2,1
/home/duynd/haze_attrs/Haze_attributes/0/image_4906.jpg,2,1
/home/duynd/haze_attrs/Haze_attributes/0/image_3557.jpg,3,2
/home/duynd/haze_attrs/Haze_attributes/0/image_4292.jpg,2,1
/home/duynd/haze_attrs/Haze_attributes/0/image_4164.jpg,3,1
/home/duynd/haze_attrs/Haze_attributes/0/image_1181.jpg,3,1
/home/duynd/haze_attrs/Haze_attributes/0/image_4631.jpg,2,2
/home/duynd/haze_attrs/Haze_attributes/0/image_2920.jpg,3,3
/home/duynd/haze_attrs/Haze_attributes/0/image_2234.jpg,3,2
/home/duynd/haze_attrs/Haze_attributes/0/image_2405.jpg,1,1
/home/duynd/haze_attrs/Haze_attributes/0/image_4960.jpg,1,2
/home/duynd/haze_attrs/Haze_attributes/0/image_1002.jpg,2,2
/home/duynd/haze_attrs/Haze_attributes/0/image_3665.jpg,1,1
/home/duynd/haze_attrs/Haze_attributes/0/image_2450.jpg,0,0
/home/duynd/haze_attrs/Haze_attributes/0/image_782.jpg,3,1
/home/duynd/haze_attrs/Haze_attributes/0/image_2731.jpg,3,2
/home/duynd/haze_attrs/Haze_attributes/0/image_2846.jpg,0,1
/home/duynd/haze_attrs/Haze_attributes/0/image_4086.jpg,3,2
/home/duynd/haze_attrs/Haze_attributes/0/image_2006.jpg,3,1
/home/duynd/haze_attrs/Haze_attributes/0/image_3599.jpg,1,1
/home/duynd/haze_attrs/Haze_attributes/0/image_3902.jpg,3,1
/home/duynd/haze_attrs/Haze_attributes/0/image_666.jpg,2,3
/home/duynd/haze_attrs/Haze_attributes/0/image_4548.jpg,3,1
/home/duynd/haze_attrs/Haze_attributes/0/image_3484.jpg,3,2
/home/duynd/haze_attrs/Haze_attributes/0/image_3537.jpg,2,1
/home/duynd/haze_attrs/Haze_attributes/0/image_3420.jpg,2,2
/home/duynd/haze_attrs/Haze_attributes/0/image_4203.jpg,3,1
/home/duynd/haze_attrs/Haze_attributes/0/image_2293.jpg,0,0
/home/duynd/haze_attrs/Haze_attributes/0/image_2724.jpg,1,1
/home/duynd/haze_attrs/Haze_attributes/0/image_3984.jpg,3,3
/home/duynd/haze_attrs/Haze_attributes/0/image_3536.jpg,1,2
/home/duynd/haze_attrs/Haze_attributes/0/image_3554.jpg,2,2
/home/duynd/haze_attrs/Haze_attributes/0/image_2612.jpg,2,1
/home/duynd/haze_attrs/Haze_attributes/0/image_2750.jpg,0,1
/home/duynd/haze_attrs/Haze_attributes/0/image_1503.jpg,2,1
/home/duynd/haze_attrs/Haze_attributes/0/image_4274.jpg,0,0
/home/duynd/haze_attrs/Haze_attributes/0/image_1556.jpg,0,0
/home/duynd/haze_attrs/Haze_attributes/0/image_3479.jpg,2,1
/home/duynd/haze_attrs/Haze_attributes/0/image_4713.jpg,2,2
/home/duynd/haze_attrs/Haze_attributes/0/image_5248.jpg,0,0
/home/duynd/haze_attrs/Haze_attributes/0/image_4330.jpg,2,2
/home/duynd/haze_attrs/Haze_attributes/0/image_3036.jpg,2,1
/home/duynd/haze_attrs/Haze_attributes/0/image_3611.jpg,3,1
/home/duynd/haze_attrs/Haze_attributes/0/image_957.jpg,3,1
/home/duynd/haze_attrs/Haze_attributes/0/image_3488.jpg,3,2
/home/duynd/haze_attrs/Haze_attributes/0/image_3480.jpg,0,0
/home/duynd/haze_attrs/Haze_attributes/0/image_2584.jpg,3,3
/home/duynd/haze_attrs/Haze_attributes/0/image_2088.jpg,3,1
/home/duynd/haze_attrs/Haze_attributes/0/image_2980.jpg,3,2
/home/duynd/haze_attrs/Haze_attributes/0/image_5134.jpg,3,2
/home/duynd/haze_attrs/Haze_attributes/0/image_4967.jpg,2,3
/home/duynd/haze_attrs/Haze_attributes/0/image_2447.jpg,0,0
/home/duynd/haze_attrs/Haze_attributes/0/image_1135.jpg,3,3
/home/duynd/haze_attrs/Haze_attributes/0/image_5254.jpg,3,1
/home/duynd/haze_attrs/Haze_attributes/0/image_2201.jpg,2,1
/home/duynd/haze_attrs/Haze_attributes/0/image_2012.jpg,1,2
/home/duynd/haze_attrs/Haze_attributes/0/image_625.jpg,0,0
/home/duynd/haze_attrs/Haze_attributes/0/image_3180.jpg,3,1
/home/duynd/haze_attrs/Haze_attributes/0/image_3139.jpg,3,2
/home/duynd/haze_attrs/Haze_attributes/0/image_2861.jpg,0,0
/home/duynd/haze_attrs/Haze_attributes/0/image_4525.jpg,2,1
/home/duynd/haze_attrs/Haze_attributes/0/image_3899.jpg,0,0
/home/duynd/haze_attrs/Haze_attributes/0/image_945.jpg,1,1
/home/duynd/haze_attrs/Haze_attributes/0/image_4667.jpg,0,0
/home/duynd/haze_attrs/Haze_attributes/0/image_3346.jpg,0,1
/home/duynd/haze_attrs/Haze_attributes/0/image_4476.jpg,2,1
/home/duynd/haze_attrs/Haze_attributes/0/image_3706.jpg,3,2
/home/duynd/haze_attrs/Haze_attributes/0/image_4370.jpg,3,1
/home/duynd/haze_attrs/Haze_attributes/0/image_3257.jpg,3,2
/home/duynd/haze_attrs/Haze_attributes/0/image_5109.jpg,1,3
/home/duynd/haze_attrs/Haze_attributes/0/image_5014.jpg,2,2
/home/duynd/haze_attrs/Haze_attributes/0/image_4588.jpg,3,1
/home/duynd/haze_attrs/Haze_attributes/0/image_2561.jpg,2,1
/home/duynd/haze_attrs/Haze_attributes/0/image_2046.jpg,2,1
/home/duynd/haze_attrs/Haze_attributes/0/image_3095.jpg,1,2
/home/duynd/haze_attrs/Haze_attributes/0/image_5119.jpg,1,1
/home/duynd/haze_attrs/Haze_attributes/0/image_3800.jpg,3,1
/home/duynd/haze_attrs/Haze_attributes/0/image_3651.jpg,3,1
/home/duynd/haze_attrs/Haze_attributes/0/image_3125.jpg,3,2
/home/duynd/haze_attrs/Haze_attributes/0/image_2056.jpg,3,2
/home/duynd/haze_attrs/Haze_attributes/0/image_2798.jpg,0,0
/home/duynd/haze_attrs/Haze_attributes/0/image_4212.jpg,3,1
/home/duynd/haze_attrs/Haze_attributes/0/image_5172.jpg,0,0
/home/duynd/haze_attrs/Haze_attributes/0/image_3804.jpg,3,1
/home/duynd/haze_attrs/Haze_attributes/0/image_797.jpg,3,3
/home/duynd/haze_attrs/Haze_attributes/0/image_2558.jpg,2,1
/home/duynd/haze_attrs/Haze_attributes/0/image_2391.jpg,1,2
/home/duynd/haze_attrs/Haze_attributes/0/image_1764.jpg,0,0
/home/duynd/haze_attrs/Haze_attributes/0/image_3453.jpg,3,2
/home/duynd/haze_attrs/Haze_attributes/0/image_1031.jpg,2,1
/home/duynd/haze_attrs/Haze_attributes/0/image_2353.jpg,1,1
/home/duynd/haze_attrs/Haze_attributes/0/image_5142.jpg,1,1
/home/duynd/haze_attrs/Haze_attributes/0/image_738.jpg,1,1
/home/duynd/haze_attrs/Haze_attributes/0/image_4895.jpg,3,1
/home/duynd/haze_attrs/Haze_attributes/0/image_4720.jpg,0,0
/home/duynd/haze_attrs/Haze_attributes/0/image_3861.jpg,1,1
/home/duynd/haze_attrs/Haze_attributes/0/image_1094.jpg,3,1
/home/duynd/haze_attrs/Haze_attributes/0/image_3520.jpg,0,1
/home/duynd/haze_attrs/Haze_attributes/0/image_3575.jpg,1,1
/home/duynd/haze_attrs/Haze_attributes/0/image_2773.jpg,3,1
/home/duynd/haze_attrs/Haze_attributes/0/image_3321.jpg,3,2
/home/duynd/haze_attrs/Haze_attributes/0/image_1907.jpg,3,2
/home/duynd/haze_attrs/Haze_attributes/0/image_4526.jpg,3,1
/home/duynd/haze_attrs/Haze_attributes/0/image_447.jpg,3,1
/home/duynd/haze_attrs/Haze_attributes/0/image_2624.jpg,0,0
/home/duynd/haze_attrs/Haze_attributes/0/image_2489.jpg,3,2
/home/duynd/haze_attrs/Haze_attributes/0/image_2268.jpg,1,1
/home/duynd/haze_attrs/Haze_attributes/0/image_5065.jpg,1,1
/home/duynd/haze_attrs/Haze_attributes/0/image_1697.jpg,2,1
/home/duynd/haze_attrs/Haze_attributes/0/image_1091.jpg,2,1
/home/duynd/haze_attrs/Haze_attributes/0/image_71.jpg,0,0
/home/duynd/haze_attrs/Haze_attributes/0/image_5287.jpg,3,2
/home/duynd/haze_attrs/Haze_attributes/0/image_1476.jpg,0,0
/home/duynd/haze_attrs/Haze_attributes/0/image_3779.jpg,3,1
/home/duynd/haze_attrs/Haze_attributes/0/image_2049.jpg,3,1
/home/duynd/haze_attrs/Haze_attributes/0/image_1171.jpg,0,0
/home/duynd/haze_attrs/Haze_attributes/0/image_1158.jpg,1,1
/home/duynd/haze_attrs/Haze_attributes/0/image_3578.jpg,3,2
/home/duynd/haze_attrs/Haze_attributes/0/image_3384.jpg,1,1
/home/duynd/haze_attrs/Haze_attributes/0/image_1275.jpg,0,2
/home/duynd/haze_attrs/Haze_attributes/0/image_3205.jpg,3,2
/home/duynd/haze_attrs/Haze_attributes/0/image_5058.jpg,2,1
/home/duynd/haze_attrs/Haze_attributes/0/image_2598.jpg,3,1
/home/duynd/haze_attrs/Haze_attributes/0/image_2638.jpg,3,1
/home/duynd/haze_attrs/Haze_attributes/0/image_1041.jpg,3,1
/home/duynd/haze_attrs/Haze_attributes/0/image_3976.jpg,1,2
/home/duynd/haze_attrs/Haze_attributes/0/image_578.jpg,2,1
/home/duynd/haze_attrs/Haze_attributes/0/image_31.jpg,3,3
/home/duynd/haze_attrs/Haze_attributes/0/image_2619.jpg,3,1
/home/duynd/haze_attrs/Haze_attributes/0/image_4232.jpg,3,2
/home/duynd/haze_attrs/Haze_attributes/0/image_2085.jpg,2,1
/home/duynd/haze_attrs/Haze_attributes/0/image_4730.jpg,2,1
/home/duynd/haze_attrs/Haze_attributes/0/image_1607.jpg,3,1
/home/duynd/haze_attrs/Haze_attributes/0/image_633.jpg,3,2
/home/duynd/haze_attrs/Haze_attributes/0/image_1594.jpg,2,3
/home/duynd/haze_attrs/Haze_attributes/0/image_1743.jpg,3,1
/home/duynd/haze_attrs/Haze_attributes/0/image_2814.jpg,2,1
/home/duynd/haze_attrs/Haze_attributes/0/image_2887.jpg,2,2
/home/duynd/haze_attrs/Haze_attributes/0/image_5001.jpg,3,1
/home/duynd/haze_attrs/Haze_attributes/0/image_3286.jpg,2,1
/home/duynd/haze_attrs/Haze_attributes/0/image_2262.jpg,3,1
/home/duynd/haze_attrs/Haze_attributes/0/image_1021.jpg,3,1
/home/duynd/haze_attrs/Haze_attributes/0/image_2996.jpg,3,1
/home/duynd/haze_attrs/Haze_attributes/0/image_3662.jpg,0,1
/home/duynd/haze_attrs/Haze_attributes/0/image_1835.jpg,3,1
/home/duynd/haze_attrs/Haze_attributes/0/image_3275.jpg,3,1
/home/duynd/haze_attrs/Haze_attributes/0/image_2760.jpg,3,3
/home/duynd/haze_attrs/Haze_attributes/0/image_4439.jpg,1,1
/home/duynd/haze_attrs/Haze_attributes/0/image_2854.jpg,1,1
/home/duynd/haze_attrs/Haze_attributes/0/image_1286.jpg,2,2
/home/duynd/haze_attrs/Haze_attributes/0/image_4457.jpg,2,1
/home/duynd/haze_attrs/Haze_attributes/0/image_2532.jpg,0,0
/home/duynd/haze_attrs/Haze_attributes/0/image_2613.jpg,3,1
/home/duynd/haze_attrs/Haze_attributes/0/image_3685.jpg,2,2
/home/duynd/haze_attrs/Haze_attributes/0/image_2512.jpg,2,2
/home/duynd/haze_attrs/Haze_attributes/0/image_3351.jpg,2,2
/home/duynd/haze_attrs/Haze_attributes/0/image_2727.jpg,3,2
/home/duynd/haze_attrs/Haze_attributes/0/image_2300.jpg,0,0
/home/duynd/haze_attrs/Haze_attributes/0/image_590.jpg,1,1
/home/duynd/haze_attrs/Haze_attributes/0/image_695.jpg,3,1
/home/duynd/haze_attrs/Haze_attributes/0/image_1100.jpg,2,1
/home/duynd/haze_attrs/Haze_attributes/0/image_5081.jpg,2,0
/home/duynd/haze_attrs/Haze_attributes/0/image_4209.jpg,3,2
/home/duynd/haze_attrs/Haze_attributes/0/image_2942.jpg,0,0
/home/duynd/haze_attrs/Haze_attributes/0/image_1524.jpg,3,1
/home/duynd/haze_attrs/Haze_attributes/0/image_1488.jpg,3,2
/home/duynd/haze_attrs/Haze_attributes/0/image_500.jpg,1,2
/home/duynd/haze_attrs/Haze_attributes/0/image_1085.jpg,3,1
/home/duynd/haze_attrs/Haze_attributes/0/image_3435.jpg,2,1
/home/duynd/haze_attrs/Haze_attributes/0/image_4304.jpg,2,2
/home/duynd/haze_attrs/Haze_attributes/0/image_4145.jpg,0,0
/home/duynd/haze_attrs/Haze_attributes/0/image_2778.jpg,3,1
/home/duynd/haze_attrs/Haze_attributes/0/image_1139.jpg,3,1
/home/duynd/haze_attrs/Haze_attributes/0/image_3009.jpg,1,2
/home/duynd/haze_attrs/Haze_attributes/0/image_3409.jpg,2,2
/home/duynd/haze_attrs/Haze_attributes/0/image_2533.jpg,2,1
/home/duynd/haze_attrs/Haze_attributes/0/image_3710.jpg,2,1
/home/duynd/haze_attrs/Haze_attributes/0/image_2348.jpg,2,2
/home/duynd/haze_attrs/Haze_attributes/0/image_2151.jpg,1,1
/home/duynd/haze_attrs/Haze_attributes/0/image_2728.jpg,3,1
/home/duynd/haze_attrs/Haze_attributes/0/image_5147.jpg,3,1
/home/duynd/haze_attrs/Haze_attributes/0/image_3331.jpg,3,1
/home/duynd/haze_attrs/Haze_attributes/0/image_1433.jpg,2,0
/home/duynd/haze_attrs/Haze_attributes/0/image_2606.jpg,3,1
/home/duynd/haze_attrs/Haze_attributes/0/image_2870.jpg,3,2
/home/duynd/haze_attrs/Haze_attributes/0/image_3416.jpg,2,1
/home/duynd/haze_attrs/Haze_attributes/0/image_811.jpg,3,1
/home/duynd/haze_attrs/Haze_attributes/0/image_4492.jpg,3,1
/home/duynd/haze_attrs/Haze_attributes/0/image_2644.jpg,0,0
/home/duynd/haze_attrs/Haze_attributes/0/image_4343.jpg,2,1
/home/duynd/haze_attrs/Haze_attributes/0/image_1786.jpg,1,1
/home/duynd/haze_attrs/Haze_attributes/0/image_4087.jpg,3,2
/home/duynd/haze_attrs/Haze_attributes/0/image_1490.jpg,1,2
/home/duynd/haze_attrs/Haze_attributes/0/image_2154.jpg,3,2
/home/duynd/haze_attrs/Haze_attributes/0/image_4365.jpg,3,2
/home/duynd/haze_attrs/Haze_attributes/0/image_3889.jpg,3,1
/home/duynd/haze_attrs/Haze_attributes/0/image_1407.jpg,3,2
/home/duynd/haze_attrs/Haze_attributes/0/image_4332.jpg,1,1
/home/duynd/haze_attrs/Haze_attributes/0/image_835.jpg,3,1
/home/duynd/haze_attrs/Haze_attributes/0/image_3020.jpg,2,1
/home/duynd/haze_attrs/Haze_attributes/0/image_1285.jpg,3,2
/home/duynd/haze_attrs/Haze_attributes/0/image_4272.jpg,1,2
/home/duynd/haze_attrs/Haze_attributes/0/image_1044.jpg,3,1
/home/duynd/haze_attrs/Haze_attributes/0/image_2788.jpg,2,2
/home/duynd/haze_attrs/Haze_attributes/0/image_2177.jpg,0,0
/home/duynd/haze_attrs/Haze_attributes/0/image_2515.jpg,0,0
/home/duynd/haze_attrs/Haze_attributes/0/image_2156.jpg,3,1
/home/duynd/haze_attrs/Haze_attributes/0/image_2874.jpg,3,2
/home/duynd/haze_attrs/Haze_attributes/0/image_3308.jpg,3,1
/home/duynd/haze_attrs/Haze_attributes/0/image_1011.jpg,2,1
/home/duynd/haze_attrs/Haze_attributes/0/image_2596.jpg,1,2
/home/duynd/haze_attrs/Haze_attributes/0/image_2462.jpg,3,1
/home/duynd/haze_attrs/Haze_attributes/0/image_3664.jpg,3,1
/home/duynd/haze_attrs/Haze_attributes/0/image_2458.jpg,3,2
/home/duynd/haze_attrs/Haze_attributes/0/image_4753.jpg,1,1
/home/duynd/haze_attrs/Haze_attributes/0/image_3054.jpg,1,2
/home/duynd/haze_attrs/Haze_attributes/0/image_630.jpg,3,1
/home/duynd/haze_attrs/Haze_attributes/0/image_2104.jpg,2,2
/home/duynd/haze_attrs/Haze_attributes/0/image_3873.jpg,2,1
/home/duynd/haze_attrs/Haze_attributes/0/image_4759.jpg,0,0
/home/duynd/haze_attrs/Haze_attributes/0/image_542.jpg,3,1
/home/duynd/haze_attrs/Haze_attributes/0/image_571.jpg,3,2
/home/duynd/haze_attrs/Haze_attributes/0/image_3619.jpg,2,1
/home/duynd/haze_attrs/Haze_attributes/0/image_2149.jpg,1,1
/home/duynd/haze_attrs/Haze_attributes/0/image_3535.jpg,2,1
/home/duynd/haze_attrs/Haze_attributes/0/image_3504.jpg,3,2
/home/duynd/haze_attrs/Haze_attributes/0/image_2777.jpg,2,1
/home/duynd/haze_attrs/Haze_attributes/0/image_2627.jpg,1,1
/home/duynd/haze_attrs/Haze_attributes/0/image_3431.jpg,1,1
/home/duynd/haze_attrs/Haze_attributes/0/image_4949.jpg,0,0
/home/duynd/haze_attrs/Haze_attributes/0/image_2023.jpg,3,1
/home/duynd/haze_attrs/Haze_attributes/0/image_1784.jpg,2,1
/home/duynd/haze_attrs/Haze_attributes/0/image_3474.jpg,2,2
/home/duynd/haze_attrs/Haze_attributes/0/image_4138.jpg,2,1
/home/duynd/haze_attrs/Haze_attributes/0/image_655.jpg,3,2
/home/duynd/haze_attrs/Haze_attributes/0/image_4034.jpg,2,1
/home/duynd/haze_attrs/Haze_attributes/0/image_5049.jpg,3,2
/home/duynd/haze_attrs/Haze_attributes/0/image_3579.jpg,0,0
/home/duynd/haze_attrs/Haze_attributes/0/image_3093.jpg,2,3
/home/duynd/haze_attrs/Haze_attributes/0/image_2659.jpg,2,2
/home/duynd/haze_attrs/Haze_attributes/0/image_475.jpg,3,1
/home/duynd/haze_attrs/Haze_attributes/0/image_2790.jpg,2,2
/home/duynd/haze_attrs/Haze_attributes/0/image_2019.jpg,3,1
/home/duynd/haze_attrs/Haze_attributes/0/image_3025.jpg,2,2
/home/duynd/haze_attrs/Haze_attributes/0/image_868.jpg,0,0
/home/duynd/haze_attrs/Haze_attributes/0/image_4885.jpg,3,2
/home/duynd/haze_attrs/Haze_attributes/0/image_2982.jpg,3,2
/home/duynd/haze_attrs/Haze_attributes/0/image_1172.jpg,3,1
/home/duynd/haze_attrs/Haze_attributes/0/image_3913.jpg,3,1
/home/duynd/haze_attrs/Haze_attributes/0/image_1189.jpg,3,2
/home/duynd/haze_attrs/Haze_attributes/0/image_1015.jpg,0,0
/home/duynd/haze_attrs/Haze_attributes/0/image_2030.jpg,0,0
/home/duynd/haze_attrs/Haze_attributes/0/image_1264.jpg,3,2
/home/duynd/haze_attrs/Haze_attributes/0/image_3582.jpg,1,1
/home/duynd/haze_attrs/Haze_attributes/0/image_2928.jpg,3,1
/home/duynd/haze_attrs/Haze_attributes/0/image_1462.jpg,3,1
/home/duynd/haze_attrs/Haze_attributes/0/image_3660.jpg,3,1
/home/duynd/haze_attrs/Haze_attributes/0/image_2304.jpg,1,2
/home/duynd/haze_attrs/Haze_attributes/0/image_2918.jpg,2,1
/home/duynd/haze_attrs/Haze_attributes/0/image_1933.jpg,1,2
/home/duynd/haze_attrs/Haze_attributes/0/image_3515.jpg,1,1
/home/duynd/haze_attrs/Haze_attributes/0/image_2927.jpg,0,0
/home/duynd/haze_attrs/Haze_attributes/0/image_433.jpg,3,2
/home/duynd/haze_attrs/Haze_attributes/0/image_4675.jpg,2,2
/home/duynd/haze_attrs/Haze_attributes/0/image_2226.jpg,1,1
/home/duynd/haze_attrs/Haze_attributes/0/image_1211.jpg,0,0
/home/duynd/haze_attrs/Haze_attributes/0/image_207.jpg,3,1
/home/duynd/haze_attrs/Haze_attributes/0/image_514.jpg,3,2
/home/duynd/haze_attrs/Haze_attributes/0/image_2977.jpg,3,1
/home/duynd/haze_attrs/Haze_attributes/0/image_69.jpg,3,1
/home/duynd/haze_attrs/Haze_attributes/0/image_3693.jpg,3,3
/home/duynd/haze_attrs/Haze_attributes/0/image_477.jpg,3,2
/home/duynd/haze_attrs/Haze_attributes/0/image_3425.jpg,1,3
/home/duynd/haze_attrs/Haze_attributes/0/image_3787.jpg,3,1
/home/duynd/haze_attrs/Haze_attributes/0/image_1035.jpg,1,1
/home/duynd/haze_attrs/Haze_attributes/0/image_2110.jpg,3,2
/home/duynd/haze_attrs/Haze_attributes/0/image_5085.jpg,3,2
/home/duynd/haze_attrs/Haze_attributes/0/image_2878.jpg,1,1
/home/duynd/haze_attrs/Haze_attributes/0/image_4355.jpg,3,1
/home/duynd/haze_attrs/Haze_attributes/0/image_2968.jpg,1,1
/home/duynd/haze_attrs/Haze_attributes/0/image_4094.jpg,0,1
/home/duynd/haze_attrs/Haze_attributes/0/image_5135.jpg,1,2
/home/duynd/haze_attrs/Haze_attributes/0/image_2147.jpg,3,1
/home/duynd/haze_attrs/Haze_attributes/0/image_4006.jpg,1,2
/home/duynd/haze_attrs/Haze_attributes/0/image_4598.jpg,3,1
/home/duynd/haze_attrs/Haze_attributes/0/image_896.jpg,3,1
/home/duynd/haze_attrs/Haze_attributes/0/image_2636.jpg,3,1
/home/duynd/haze_attrs/Haze_attributes/0/image_4238.jpg,1,2
/home/duynd/haze_attrs/Haze_attributes/0/image_2838.jpg,3,2
/home/duynd/haze_attrs/Haze_attributes/0/image_3080.jpg,2,1
/home/duynd/haze_attrs/Haze_attributes/0/image_3681.jpg,3,1
/home/duynd/haze_attrs/Haze_attributes/0/image_2921.jpg,3,1
/home/duynd/haze_attrs/Haze_attributes/0/image_4399.jpg,3,1
/home/duynd/haze_attrs/Haze_attributes/0/image_3625.jpg,1,1
/home/duynd/haze_attrs/Haze_attributes/0/image_2453.jpg,3,1
/home/duynd/haze_attrs/Haze_attributes/0/image_2163.jpg,2,1
/home/duynd/haze_attrs/Haze_attributes/0/image_3463.jpg,1,2
/home/duynd/haze_attrs/Haze_attributes/0/image_1164.jpg,1,2
/home/duynd/haze_attrs/Haze_attributes/0/image_4214.jpg,2,2
/home/duynd/haze_attrs/Haze_attributes/0/image_2162.jpg,3,1
/home/duynd/haze_attrs/Haze_attributes/0/image_730.jpg,2,2
/home/duynd/haze_attrs/Haze_attributes/0/image_2907.jpg,2,3
/home/duynd/haze_attrs/Haze_attributes/0/image_4438.jpg,3,2
/home/duynd/haze_attrs/Haze_attributes/0/image_4654.jpg,2,1
/home/duynd/haze_attrs/Haze_attributes/0/image_991.jpg,1,2
/home/duynd/haze_attrs/Haze_attributes/0/image_3173.jpg,2,1
/home/duynd/haze_attrs/Haze_attributes/0/image_4700.jpg,1,1
/home/duynd/haze_attrs/Haze_attributes/0/image_3417.jpg,2,3
/home/duynd/haze_attrs/Haze_attributes/0/image_5087.jpg,3,1
/home/duynd/haze_attrs/Haze_attributes/0/image_3722.jpg,1,2
/home/duynd/haze_attrs/Haze_attributes/0/image_2935.jpg,1,2
/home/duynd/haze_attrs/Haze_attributes/0/image_3498.jpg,2,1
/home/duynd/haze_attrs/Haze_attributes/0/image_1047.jpg,3,2
/home/duynd/haze_attrs/Haze_attributes/0/image_503.jpg,1,1
/home/duynd/haze_attrs/Haze_attributes/0/image_2923.jpg,3,1
/home/duynd/haze_attrs/Haze_attributes/0/image_4589.jpg,0,0
/home/duynd/haze_attrs/Haze_attributes/0/image_4425.jpg,3,1
/home/duynd/haze_attrs/Haze_attributes/0/image_2757.jpg,3,1
/home/duynd/haze_attrs/Haze_attributes/0/image_448.jpg,2,2
/home/duynd/haze_attrs/Haze_attributes/0/image_2181.jpg,1,1
/home/duynd/haze_attrs/Haze_attributes/0/image_3628.jpg,3,1
/home/duynd/haze_attrs/Haze_attributes/0/image_3469.jpg,3,1
/home/duynd/haze_attrs/Haze_attributes/0/image_3946.jpg,3,2
/home/duynd/haze_attrs/Haze_attributes/0/image_481.jpg,0,0
/home/duynd/haze_attrs/Haze_attributes/0/image_2041.jpg,2,2
/home/duynd/haze_attrs/Haze_attributes/0/image_5132.jpg,2,2
/home/duynd/haze_attrs/Haze_attributes/0/image_2800.jpg,2,2
/home/duynd/haze_attrs/Haze_attributes/0/image_1381.jpg,3,2
/home/duynd/haze_attrs/Haze_attributes/0/image_2322.jpg,3,1
/home/duynd/haze_attrs/Haze_attributes/0/image_2309.jpg,3,1
/home/duynd/haze_attrs/Haze_attributes/0/image_2762.jpg,2,2
/home/duynd/haze_attrs/Haze_attributes/0/image_4098.jpg,3,2
/home/duynd/haze_attrs/Haze_attributes/0/image_3332.jpg,1,1
/home/duynd/haze_attrs/Haze_attributes/0/image_4863.jpg,3,2
/home/duynd/haze_attrs/Haze_attributes/0/image_2785.jpg,0,0
/home/duynd/haze_attrs/Haze_attributes/0/image_4994.jpg,3,2
/home/duynd/haze_attrs/Haze_attributes/0/image_5055.jpg,1,1
/home/duynd/haze_attrs/Haze_attributes/0/image_3485.jpg,2,1
/home/duynd/haze_attrs/Haze_attributes/0/image_1470.jpg,1,1
/home/duynd/haze_attrs/Haze_attributes/0/image_5093.jpg,3,1
/home/duynd/haze_attrs/Haze_attributes/0/image_1134.jpg,3,1
/home/duynd/haze_attrs/Haze_attributes/0/image_739.jpg,1,2
/home/duynd/haze_attrs/Haze_attributes/0/image_2892.jpg,3,2
/home/duynd/haze_attrs/Haze_attributes/0/image_2605.jpg,3,1
/home/duynd/haze_attrs/Haze_attributes/0/image_3202.jpg,3,3
/home/duynd/haze_attrs/Haze_attributes/0/image_2711.jpg,3,3
/home/duynd/haze_attrs/Haze_attributes/0/image_4196.jpg,3,2
/home/duynd/haze_attrs/Haze_attributes/0/image_4655.jpg,1,2
/home/duynd/haze_attrs/Haze_attributes/0/image_5299.jpg,3,1
/home/duynd/haze_attrs/Haze_attributes/0/image_5236.jpg,2,2
/home/duynd/haze_attrs/Haze_attributes/0/image_4986.jpg,0,0
/home/duynd/haze_attrs/Haze_attributes/0/image_251.jpg,1,2
/home/duynd/haze_attrs/Haze_attributes/0/image_658.jpg,2,1
/home/duynd/haze_attrs/Haze_attributes/0/image_3281.jpg,0,0
/home/duynd/haze_attrs/Haze_attributes/0/image_4036.jpg,1,2
/home/duynd/haze_attrs/Haze_attributes/0/image_4116.jpg,1,2
/home/duynd/haze_attrs/Haze_attributes/0/image_4571.jpg,1,1
/home/duynd/haze_attrs/Haze_attributes/0/image_1155.jpg,2,1
/home/duynd/haze_attrs/Haze_attributes/0/image_878.jpg,3,1
/home/duynd/haze_attrs/Haze_attributes/0/image_298.jpg,3,1
/home/duynd/haze_attrs/Haze_attributes/0/image_2941.jpg,1,1
/home/duynd/haze_attrs/Haze_attributes/0/image_3052.jpg,3,1
/home/duynd/haze_attrs/Haze_attributes/0/image_3088.jpg,2,1
/home/duynd/haze_attrs/Haze_attributes/0/image_3829.jpg,1,1
/home/duynd/haze_attrs/Haze_attributes/0/image_634.jpg,2,2
/home/duynd/haze_attrs/Haze_attributes/0/image_2713.jpg,3,1
/home/duynd/haze_attrs/Haze_attributes/0/image_4715.jpg,2,2
/home/duynd/haze_attrs/Haze_attributes/0/image_1032.jpg,3,1
/home/duynd/haze_attrs/Haze_attributes/0/image_4200.jpg,1,1
/home/duynd/haze_attrs/Haze_attributes/0/image_2525.jpg,3,2
/home/duynd/haze_attrs/Haze_attributes/0/image_4804.jpg,2,2
/home/duynd/haze_attrs/Haze_attributes/0/image_1317.jpg,3,2
/home/duynd/haze_attrs/Haze_attributes/0/image_2315.jpg,2,1
/home/duynd/haze_attrs/Haze_attributes/0/image_1151.jpg,1,2
/home/duynd/haze_attrs/Haze_attributes/0/image_4785.jpg,3,1
/home/duynd/haze_attrs/Haze_attributes/0/image_5143.jpg,1,2
/home/duynd/haze_attrs/Haze_attributes/0/image_3556.jpg,1,2
/home/duynd/haze_attrs/Haze_attributes/0/image_3041.jpg,3,2
/home/duynd/haze_attrs/Haze_attributes/0/image_2372.jpg,3,1
/home/duynd/haze_attrs/Haze_attributes/0/image_792.jpg,2,1
/home/duynd/haze_attrs/Haze_attributes/0/image_3024.jpg,2,1
/home/duynd/haze_attrs/Haze_attributes/0/image_4411.jpg,3,2
/home/duynd/haze_attrs/Haze_attributes/0/image_2799.jpg,3,1
/home/duynd/haze_attrs/Haze_attributes/0/image_3795.jpg,3,1
/home/duynd/haze_attrs/Haze_attributes/0/image_1698.jpg,3,2
/home/duynd/haze_attrs/Haze_attributes/0/image_2473.jpg,3,1
/home/duynd/haze_attrs/Haze_attributes/0/image_294.jpg,3,1
/home/duynd/haze_attrs/Haze_attributes/0/image_4271.jpg,3,2
/home/duynd/haze_attrs/Haze_attributes/0/image_2459.jpg,1,1
/home/duynd/haze_attrs/Haze_attributes/0/image_958.jpg,0,0
/home/duynd/haze_attrs/Haze_attributes/0/image_533.jpg,2,2
/home/duynd/haze_attrs/Haze_attributes/0/image_3834.jpg,2,2
/home/duynd/haze_attrs/Haze_attributes/0/image_4881.jpg,3,1
/home/duynd/haze_attrs/Haze_attributes/0/image_2432.jpg,2,1
/home/duynd/haze_attrs/Haze_attributes/0/image_3812.jpg,1,2
/home/duynd/haze_attrs/Haze_attributes/0/image_2415.jpg,0,0
/home/duynd/haze_attrs/Haze_attributes/0/image_4229.jpg,1,2
/home/duynd/haze_attrs/Haze_attributes/0/image_3436.jpg,0,0
/home/duynd/haze_attrs/Haze_attributes/0/image_2607.jpg,3,2
/home/duynd/haze_attrs/Haze_attributes/0/image_5089.jpg,1,2
/home/duynd/haze_attrs/Haze_attributes/0/image_2668.jpg,3,2
/home/duynd/haze_attrs/Haze_attributes/0/image_5162.jpg,3,1
/home/duynd/haze_attrs/Haze_attributes/0/image_2993.jpg,1,2
/home/duynd/haze_attrs/Haze_attributes/0/image_3564.jpg,3,2
/home/duynd/haze_attrs/Haze_attributes/0/image_559.jpg,2,2
/home/duynd/haze_attrs/Haze_attributes/0/image_2786.jpg,2,1
/home/duynd/haze_attrs/Haze_attributes/0/image_2047.jpg,2,2
/home/duynd/haze_attrs/Haze_attributes/0/image_5225.jpg,3,2
/home/duynd/haze_attrs/Haze_attributes/0/image_3820.jpg,3,1
/home/duynd/haze_attrs/Haze_attributes/0/image_3947.jpg,1,2
/home/duynd/haze_attrs/Haze_attributes/0/image_629.jpg,2,1
/home/duynd/haze_attrs/Haze_attributes/0/image_5033.jpg,3,1
/home/duynd/haze_attrs/Haze_attributes/0/image_2608.jpg,3,2
/home/duynd/haze_attrs/Haze_attributes/0/image_3668.jpg,3,2
/home/duynd/haze_attrs/Haze_attributes/0/image_2264.jpg,1,1
/home/duynd/haze_attrs/Haze_attributes/0/image_2540.jpg,3,1
/home/duynd/haze_attrs/Haze_attributes/0/image_279.jpg,3,1
/home/duynd/haze_attrs/Haze_attributes/0/image_1106.jpg,3,1
/home/duynd/haze_attrs/Haze_attributes/0/image_5221.jpg,0,0
/home/duynd/haze_attrs/Haze_attributes/0/image_4388.jpg,1,2
/home/duynd/haze_attrs/Haze_attributes/0/image_4784.jpg,3,2
/home/duynd/haze_attrs/Haze_attributes/0/image_3825.jpg,2,1
/home/duynd/haze_attrs/Haze_attributes/0/image_1465.jpg,2,1
/home/duynd/haze_attrs/Haze_attributes/0/image_3169.jpg,2,1
/home/duynd/haze_attrs/Haze_attributes/0/image_1214.jpg,3,2
/home/duynd/haze_attrs/Haze_attributes/0/image_3587.jpg,3,2
/home/duynd/haze_attrs/Haze_attributes/0/image_4084.jpg,0,0
/home/duynd/haze_attrs/Haze_attributes/0/image_3279.jpg,3,2
/home/duynd/haze_attrs/Haze_attributes/0/image_4634.jpg,2,1
/home/duynd/haze_attrs/Haze_attributes/0/image_2377.jpg,3,1
/home/duynd/haze_attrs/Haze_attributes/0/image_3447.jpg,3,1
/home/duynd/haze_attrs/Haze_attributes/0/image_3325.jpg,3,1
/home/duynd/haze_attrs/Haze_attributes/0/image_4611.jpg,3,1
/home/duynd/haze_attrs/Haze_attributes/0/image_2319.jpg,2,1
/home/duynd/haze_attrs/Haze_attributes/0/image_2637.jpg,1,3
/home/duynd/haze_attrs/Haze_attributes/0/image_3510.jpg,1,1
/home/duynd/haze_attrs/Haze_attributes/0/image_748.jpg,2,1
/home/duynd/haze_attrs/Haze_attributes/0/image_3962.jpg,2,1
/home/duynd/haze_attrs/Haze_attributes/0/image_2771.jpg,1,1
/home/duynd/haze_attrs/Haze_attributes/0/image_2820.jpg,1,2
/home/duynd/haze_attrs/Haze_attributes/0/image_3567.jpg,0,0
/home/duynd/haze_attrs/Haze_attributes/0/image_877.jpg,3,3
/home/duynd/haze_attrs/Haze_attributes/0/image_3247.jpg,0,0
/home/duynd/haze_attrs/Haze_attributes/0/image_1496.jpg,3,1
/home/duynd/haze_attrs/Haze_attributes/0/image_525.jpg,3,1
/home/duynd/haze_attrs/Haze_attributes/0/image_3786.jpg,0,0
/home/duynd/haze_attrs/Haze_attributes/0/image_3791.jpg,1,2
/home/duynd/haze_attrs/Haze_attributes/0/image_2784.jpg,3,3
/home/duynd/haze_attrs/Haze_attributes/0/image_2522.jpg,2,1
/home/duynd/haze_attrs/Haze_attributes/0/image_1267.jpg,3,1
/home/duynd/haze_attrs/Haze_attributes/0/image_2516.jpg,2,2
/home/duynd/haze_attrs/Haze_attributes/0/image_4629.jpg,3,1
/home/duynd/haze_attrs/Haze_attributes/0/image_4039.jpg,1,2
/home/duynd/haze_attrs/Haze_attributes/0/image_4905.jpg,3,1
/home/duynd/haze_attrs/Haze_attributes/0/image_2223.jpg,2,2
/home/duynd/haze_attrs/Haze_attributes/0/image_1913.jpg,1,1
/home/duynd/haze_attrs/Haze_attributes/0/image_1735.jpg,3,1
/home/duynd/haze_attrs/Haze_attributes/0/image_2464.jpg,2,1
/home/duynd/haze_attrs/Haze_attributes/0/image_505.jpg,3,2
/home/duynd/haze_attrs/Haze_attributes/0/image_3544.jpg,1,1
/home/duynd/haze_attrs/Haze_attributes/0/image_2599.jpg,3,2
/home/duynd/haze_attrs/Haze_attributes/0/image_3778.jpg,1,1
/home/duynd/haze_attrs/Haze_attributes/0/image_4060.jpg,3,1
/home/duynd/haze_attrs/Haze_attributes/0/image_1201.jpg,0,0
/home/duynd/haze_attrs/Haze_attributes/0/image_2807.jpg,1,3
/home/duynd/haze_attrs/Haze_attributes/0/image_4205.jpg,2,2
/home/duynd/haze_attrs/Haze_attributes/0/image_3819.jpg,0,0
/home/duynd/haze_attrs/Haze_attributes/0/image_2622.jpg,0,0
/home/duynd/haze_attrs/Haze_attributes/0/image_215.jpg,2,2
/home/duynd/haze_attrs/Haze_attributes/0/image_4124.jpg,3,2
/home/duynd/haze_attrs/Haze_attributes/0/image_2844.jpg,1,1
/home/duynd/haze_attrs/Haze_attributes/0/image_422.jpg,3,2
/home/duynd/haze_attrs/Haze_attributes/0/image_3830.jpg,0,1
/home/duynd/haze_attrs/Haze_attributes/0/image_3721.jpg,3,2
/home/duynd/haze_attrs/Haze_attributes/0/image_3342.jpg,1,1
/home/duynd/haze_attrs/Haze_attributes/0/image_4845.jpg,3,2
/home/duynd/haze_attrs/Haze_attributes/0/image_212.jpg,3,2
/home/duynd/haze_attrs/Haze_attributes/0/image_2857.jpg,3,3
/home/duynd/haze_attrs/Haze_attributes/0/image_276.jpg,3,1
/home/duynd/haze_attrs/Haze_attributes/0/image_3338.jpg,1,1
/home/duynd/haze_attrs/Haze_attributes/0/image_3502.jpg,3,1
/home/duynd/haze_attrs/Haze_attributes/0/image_3725.jpg,3,1
/home/duynd/haze_attrs/Haze_attributes/0/image_3808.jpg,0,0
/home/duynd/haze_attrs/Haze_attributes/0/image_3443.jpg,3,1
/home/duynd/haze_attrs/Haze_attributes/0/image_2537.jpg,3,1
/home/duynd/haze_attrs/Haze_attributes/0/image_4938.jpg,1,1
/home/duynd/haze_attrs/Haze_attributes/0/image_2368.jpg,3,1
/home/duynd/haze_attrs/Haze_attributes/0/image_4537.jpg,3,3
/home/duynd/haze_attrs/Haze_attributes/0/image_5308.jpg,1,1
/home/duynd/haze_attrs/Haze_attributes/0/image_604.jpg,3,1
/home/duynd/haze_attrs/Haze_attributes/0/image_536.jpg,3,2
/home/duynd/haze_attrs/Haze_attributes/0/image_665.jpg,3,1
/home/duynd/haze_attrs/Haze_attributes/0/image_2312.jpg,3,2
/home/duynd/haze_attrs/Haze_attributes/0/image_2579.jpg,0,0
/home/duynd/haze_attrs/Haze_attributes/0/image_5198.jpg,2,1
/home/duynd/haze_attrs/Haze_attributes/0/image_4215.jpg,3,1
/home/duynd/haze_attrs/Haze_attributes/0/image_697.jpg,3,2
/home/duynd/haze_attrs/Haze_attributes/0/image_2527.jpg,0,0
/home/duynd/haze_attrs/Haze_attributes/0/image_2392.jpg,2,1
/home/duynd/haze_attrs/Haze_attributes/0/image_4166.jpg,0,0
/home/duynd/haze_attrs/Haze_attributes/0/image_4165.jpg,2,1
/home/duynd/haze_attrs/Haze_attributes/0/image_2536.jpg,3,2
/home/duynd/haze_attrs/Haze_attributes/0/image_2263.jpg,3,2
/home/duynd/haze_attrs/Haze_attributes/0/image_527.jpg,0,0
/home/duynd/haze_attrs/Haze_attributes/0/image_4744.jpg,3,1
/home/duynd/haze_attrs/Haze_attributes/0/image_2802.jpg,2,2
/home/duynd/haze_attrs/Haze_attributes/0/image_4843.jpg,1,1
/home/duynd/haze_attrs/Haze_attributes/0/image_647.jpg,1,2
/home/duynd/haze_attrs/Haze_attributes/0/image_2756.jpg,1,3
/home/duynd/haze_attrs/Haze_attributes/0/image_2748.jpg,2,1
/home/duynd/haze_attrs/Haze_attributes/0/image_4385.jpg,2,2
/home/duynd/haze_attrs/Haze_attributes/0/image_1850.jpg,1,2
/home/duynd/haze_attrs/Haze_attributes/0/image_5126.jpg,3,1
/home/duynd/haze_attrs/Haze_attributes/0/image_2331.jpg,2,0
/home/duynd/haze_attrs/Haze_attributes/0/image_3608.jpg,1,1
/home/duynd/haze_attrs/Haze_attributes/0/image_4331.jpg,2,2
/home/duynd/haze_attrs/Haze_attributes/0/image_2821.jpg,3,1
/home/duynd/haze_attrs/Haze_attributes/0/image_3824.jpg,2,1
/home/duynd/haze_attrs/Haze_attributes/0/image_4532.jpg,3,1
/home/duynd/haze_attrs/Haze_attributes/0/image_2698.jpg,1,1
/home/duynd/haze_attrs/Haze_attributes/0/image_617.jpg,3,1
/home/duynd/haze_attrs/Haze_attributes/0/image_2710.jpg,0,0
/home/duynd/haze_attrs/Haze_attributes/0/image_4311.jpg,2,1
/home/duynd/haze_attrs/Haze_attributes/0/image_246.jpg,3,2
/home/duynd/haze_attrs/Haze_attributes/0/image_1522.jpg,3,3
/home/duynd/haze_attrs/Haze_attributes/0/image_2836.jpg,3,1
/home/duynd/haze_attrs/Haze_attributes/0/image_2653.jpg,2,2
/home/duynd/haze_attrs/Haze_attributes/0/image_455.jpg,0,0
/home/duynd/haze_attrs/Haze_attributes/0/image_3874.jpg,3,1
/home/duynd/haze_attrs/Haze_attributes/0/image_990.jpg,3,2
/home/duynd/haze_attrs/Haze_attributes/0/image_2924.jpg,3,1
/home/duynd/haze_attrs/Haze_attributes/0/image_3525.jpg,3,1
/home/duynd/haze_attrs/Haze_attributes/0/image_3762.jpg,2,1
/home/duynd/haze_attrs/Haze_attributes/0/image_3533.jpg,3,1
/home/duynd/haze_attrs/Haze_attributes/0/image_3378.jpg,2,1
/home/duynd/haze_attrs/Haze_attributes/0/image_621.jpg,3,2
/home/duynd/haze_attrs/Haze_attributes/0/image_3724.jpg,3,2
/home/duynd/haze_attrs/Haze_attributes/0/image_1331.jpg,3,1
/home/duynd/haze_attrs/Haze_attributes/0/image_3312.jpg,3,1
/home/duynd/haze_attrs/Haze_attributes/0/image_2931.jpg,1,2
/home/duynd/haze_attrs/Haze_attributes/0/image_2081.jpg,3,1
/home/duynd/haze_attrs/Haze_attributes/0/image_4202.jpg,3,1
/home/duynd/haze_attrs/Haze_attributes/0/image_1099.jpg,3,1
/home/duynd/haze_attrs/Haze_attributes/0/image_3859.jpg,3,1
/home/duynd/haze_attrs/Haze_attributes/0/image_1058.jpg,0,0
/home/duynd/haze_attrs/Haze_attributes/0/image_3195.jpg,3,1
/home/duynd/haze_attrs/Haze_attributes/0/image_3120.jpg,3,1
/home/duynd/haze_attrs/Haze_attributes/0/image_582.jpg,1,1
/home/duynd/haze_attrs/Haze_attributes/0/image_5067.jpg,3,2
/home/duynd/haze_attrs/Haze_attributes/0/image_2501.jpg,1,2
/home/duynd/haze_attrs/Haze_attributes/0/image_2014.jpg,3,1
/home/duynd/haze_attrs/Haze_attributes/0/image_1472.jpg,0,0
/home/duynd/haze_attrs/Haze_attributes/0/image_1336.jpg,2,1
/home/duynd/haze_attrs/Haze_attributes/0/image_2676.jpg,2,1
/home/duynd/haze_attrs/Haze_attributes/0/image_3141.jpg,1,3
/home/duynd/haze_attrs/Haze_attributes/0/image_3167.jpg,1,2
/home/duynd/haze_attrs/Haze_attributes/0/image_2825.jpg,2,2
/home/duynd/haze_attrs/Haze_attributes/0/image_2831.jpg,3,2
/home/duynd/haze_attrs/Haze_attributes/0/image_5131.jpg,3,1
/home/duynd/haze_attrs/Haze_attributes/0/image_4216.jpg,2,1
/home/duynd/haze_attrs/Haze_attributes/0/image_1166.jpg,0,0
/home/duynd/haze_attrs/Haze_attributes/0/image_2905.jpg,1,2
/home/duynd/haze_attrs/Haze_attributes/0/image_1046.jpg,3,1
/home/duynd/haze_attrs/Haze_attributes/0/image_4168.jpg,3,2
/home/duynd/haze_attrs/Haze_attributes/0/image_2480.jpg,1,2
/home/duynd/haze_attrs/Haze_attributes/0/image_5086.jpg,3,2
/home/duynd/haze_attrs/Haze_attributes/0/image_2610.jpg,0,0
/home/duynd/haze_attrs/Haze_attributes/0/image_3742.jpg,3,1
/home/duynd/haze_attrs/Haze_attributes/0/image_4521.jpg,3,1
/home/duynd/haze_attrs/Haze_attributes/0/image_2981.jpg,3,2
/home/duynd/haze_attrs/Haze_attributes/0/image_955.jpg,2,2
/home/duynd/haze_attrs/Haze_attributes/0/image_5106.jpg,1,1
/home/duynd/haze_attrs/Haze_attributes/0/image_12.jpg,3,2
/home/duynd/haze_attrs/Haze_attributes/0/image_461.jpg,1,2
/home/duynd/haze_attrs/Haze_attributes/0/image_2352.jpg,3,1
/home/duynd/haze_attrs/Haze_attributes/0/image_4131.jpg,2,3
/home/duynd/haze_attrs/Haze_attributes/0/image_631.jpg,1,1
/home/duynd/haze_attrs/Haze_attributes/0/image_3609.jpg,3,1
/home/duynd/haze_attrs/Haze_attributes/0/image_1287.jpg,3,1
/home/duynd/haze_attrs/Haze_attributes/0/image_2335.jpg,1,1
/home/duynd/haze_attrs/Haze_attributes/0/image_1165.jpg,3,1
/home/duynd/haze_attrs/Haze_attributes/0/image_815.jpg,3,1
/home/duynd/haze_attrs/Haze_attributes/0/image_4685.jpg,3,2
/home/duynd/haze_attrs/Haze_attributes/0/image_544.jpg,3,2
/home/duynd/haze_attrs/Haze_attributes/0/image_3185.jpg,3,2
/home/duynd/haze_attrs/Haze_attributes/0/image_2106.jpg,1,3
/home/duynd/haze_attrs/Haze_attributes/0/image_3458.jpg,2,2
/home/duynd/haze_attrs/Haze_attributes/0/image_808.jpg,3,1
/home/duynd/haze_attrs/Haze_attributes/0/image_3492.jpg,2,1
/home/duynd/haze_attrs/Haze_attributes/0/image_1299.jpg,1,2
/home/duynd/haze_attrs/Haze_attributes/0/image_4266.jpg,2,1
/home/duynd/haze_attrs/Haze_attributes/0/image_5226.jpg,3,2
/home/duynd/haze_attrs/Haze_attributes/0/image_3798.jpg,1,1
/home/duynd/haze_attrs/Haze_attributes/0/image_3444.jpg,3,2
/home/duynd/haze_attrs/Haze_attributes/0/image_1922.jpg,2,2
/home/duynd/haze_attrs/Haze_attributes/0/image_3878.jpg,1,2
/home/duynd/haze_attrs/Haze_attributes/0/image_4880.jpg,3,1
/home/duynd/haze_attrs/Haze_attributes/0/image_4140.jpg,3,1
/home/duynd/haze_attrs/Haze_attributes/0/image_3977.jpg,3,1
/home/duynd/haze_attrs/Haze_attributes/0/image_2095.jpg,3,1
/home/duynd/haze_attrs/Haze_attributes/0/image_4002.jpg,3,1
/home/duynd/haze_attrs/Haze_attributes/0/image_2862.jpg,3,3
/home/duynd/haze_attrs/Haze_attributes/0/image_3305.jpg,0,0
/home/duynd/haze_attrs/Haze_attributes/0/image_1270.jpg,1,1
/home/duynd/haze_attrs/Haze_attributes/0/image_1986.jpg,3,1
/home/duynd/haze_attrs/Haze_attributes/0/image_2546.jpg,0,0
/home/duynd/haze_attrs/Haze_attributes/0/image_3486.jpg,2,2
/home/duynd/haze_attrs/Haze_attributes/0/image_1650.jpg,3,2
/home/duynd/haze_attrs/Haze_attributes/0/image_2271.jpg,1,1
/home/duynd/haze_attrs/Haze_attributes/0/image_618.jpg,0,1
/home/duynd/haze_attrs/Haze_attributes/0/image_2005.jpg,2,2
/home/duynd/haze_attrs/Haze_attributes/0/image_3039.jpg,2,0
/home/duynd/haze_attrs/Haze_attributes/0/image_2190.jpg,3,1
/home/duynd/haze_attrs/Haze_attributes/0/image_605.jpg,3,1
/home/duynd/haze_attrs/Haze_attributes/0/image_3313.jpg,0,0
/home/duynd/haze_attrs/Haze_attributes/0/image_5036.jpg,1,1
/home/duynd/haze_attrs/Haze_attributes/0/image_4198.jpg,1,1
/home/duynd/haze_attrs/Haze_attributes/0/image_4119.jpg,1,1
/home/duynd/haze_attrs/Haze_attributes/0/image_3709.jpg,2,1
/home/duynd/haze_attrs/Haze_attributes/0/image_4004.jpg,3,1
/home/duynd/haze_attrs/Haze_attributes/0/image_855.jpg,3,2
/home/duynd/haze_attrs/Haze_attributes/0/image_1297.jpg,3,2
/home/duynd/haze_attrs/Haze_attributes/0/image_4112.jpg,2,1
/home/duynd/haze_attrs/Haze_attributes/0/image_4017.jpg,1,1
/home/duynd/haze_attrs/Haze_attributes/0/image_1163.jpg,3,1
/home/duynd/haze_attrs/Haze_attributes/0/image_4553.jpg,3,1
/home/duynd/haze_attrs/Haze_attributes/0/image_4324.jpg,0,0
/home/duynd/haze_attrs/Haze_attributes/0/image_4073.jpg,3,1
/home/duynd/haze_attrs/Haze_attributes/0/image_4022.jpg,3,1
/home/duynd/haze_attrs/Haze_attributes/0/image_4287.jpg,3,1
/home/duynd/haze_attrs/Haze_attributes/0/image_1508.jpg,3,1
/home/duynd/haze_attrs/Haze_attributes/0/image_2059.jpg,2,1
/home/duynd/haze_attrs/Haze_attributes/0/image_3206.jpg,2,1
/home/duynd/haze_attrs/Haze_attributes/0/image_3697.jpg,3,3
/home/duynd/haze_attrs/Haze_attributes/0/image_4697.jpg,3,2
/home/duynd/haze_attrs/Haze_attributes/0/image_3333.jpg,2,1
/home/duynd/haze_attrs/Haze_attributes/0/image_3470.jpg,1,1
/home/duynd/haze_attrs/Haze_attributes/0/image_4076.jpg,3,2
/home/duynd/haze_attrs/Haze_attributes/0/image_1677.jpg,1,1
/home/duynd/haze_attrs/Haze_attributes/0/image_5201.jpg,0,1
/home/duynd/haze_attrs/Haze_attributes/0/image_2688.jpg,0,0
/home/duynd/haze_attrs/Haze_attributes/0/image_4027.jpg,3,1
/home/duynd/haze_attrs/Haze_attributes/0/image_2954.jpg,3,3
/home/duynd/haze_attrs/Haze_attributes/0/image_816.jpg,1,1
/home/duynd/haze_attrs/Haze_attributes/0/image_414.jpg,0,1
/home/duynd/haze_attrs/Haze_attributes/0/image_4731.jpg,3,2
/home/duynd/haze_attrs/Haze_attributes/0/image_627.jpg,3,1
/home/duynd/haze_attrs/Haze_attributes/0/image_1042.jpg,3,2
/home/duynd/haze_attrs/Haze_attributes/0/image_3757.jpg,3,2
/home/duynd/haze_attrs/Haze_attributes/0/image_2655.jpg,3,1
/home/duynd/haze_attrs/Haze_attributes/0/image_2387.jpg,3,1
/home/duynd/haze_attrs/Haze_attributes/0/image_2054.jpg,1,2
/home/duynd/haze_attrs/Haze_attributes/0/image_728.jpg,3,1
/home/duynd/haze_attrs/Haze_attributes/0/image_5249.jpg,0,0
/home/duynd/haze_attrs/Haze_attributes/0/image_3126.jpg,0,0
/home/duynd/haze_attrs/Haze_attributes/0/image_1341.jpg,2,1
/home/duynd/haze_attrs/Haze_attributes/0/image_2754.jpg,2,2
/home/duynd/haze_attrs/Haze_attributes/0/image_4645.jpg,2,1
/home/duynd/haze_attrs/Haze_attributes/0/image_3823.jpg,1,1
/home/duynd/haze_attrs/Haze_attributes/0/image_3630.jpg,2,1
/home/duynd/haze_attrs/Haze_attributes/0/image_3292.jpg,1,1
/home/duynd/haze_attrs/Haze_attributes/0/image_4562.jpg,3,1
/home/duynd/haze_attrs/Haze_attributes/0/image_2557.jpg,3,1
/home/duynd/haze_attrs/Haze_attributes/0/image_4712.jpg,3,2
/home/duynd/haze_attrs/Haze_attributes/0/image_3585.jpg,3,2
/home/duynd/haze_attrs/Haze_attributes/0/image_2182.jpg,2,2
/home/duynd/haze_attrs/Haze_attributes/0/image_2204.jpg,3,1
/home/duynd/haze_attrs/Haze_attributes/0/image_1001.jpg,3,2
/home/duynd/haze_attrs/Haze_attributes/0/image_2160.jpg,3,2
/home/duynd/haze_attrs/Haze_attributes/0/image_4751.jpg,3,1
/home/duynd/haze_attrs/Haze_attributes/0/image_2222.jpg,3,2
/home/duynd/haze_attrs/Haze_attributes/0/image_4032.jpg,3,1
/home/duynd/haze_attrs/Haze_attributes/0/image_2881.jpg,0,0
/home/duynd/haze_attrs/Haze_attributes/0/image_3735.jpg,2,2
/home/duynd/haze_attrs/Haze_attributes/0/image_2687.jpg,2,1
/home/duynd/haze_attrs/Haze_attributes/0/image_2134.jpg,2,3
/home/duynd/haze_attrs/Haze_attributes/0/image_4350.jpg,3,2
/home/duynd/haze_attrs/Haze_attributes/0/image_2795.jpg,1,1
/home/duynd/haze_attrs/Haze_attributes/0/image_3394.jpg,2,1
/home/duynd/haze_attrs/Haze_attributes/0/image_2428.jpg,2,1
/home/duynd/haze_attrs/Haze_attributes/0/image_3035.jpg,0,0
/home/duynd/haze_attrs/Haze_attributes/0/image_1804.jpg,1,1
/home/duynd/haze_attrs/Haze_attributes/0/image_4137.jpg,2,3
/home/duynd/haze_attrs/Haze_attributes/0/image_2122.jpg,0,0
/home/duynd/haze_attrs/Haze_attributes/0/image_3282.jpg,3,2
/home/duynd/haze_attrs/Haze_attributes/0/image_2765.jpg,3,1
/home/duynd/haze_attrs/Haze_attributes/0/image_4348.jpg,3,1
/home/duynd/haze_attrs/Haze_attributes/0/image_2274.jpg,3,1
/home/duynd/haze_attrs/Haze_attributes/0/image_237.jpg,3,1
/home/duynd/haze_attrs/Haze_attributes/0/image_2424.jpg,3,2
/home/duynd/haze_attrs/Haze_attributes/0/image_2053.jpg,3,1
/home/duynd/haze_attrs/Haze_attributes/0/image_876.jpg,2,2
/home/duynd/haze_attrs/Haze_attributes/0/image_2949.jpg,1,2
/home/duynd/haze_attrs/Haze_attributes/0/image_3422.jpg,3,1
/home/duynd/haze_attrs/Haze_attributes/0/image_3434.jpg,0,0
/home/duynd/haze_attrs/Haze_attributes/0/image_4405.jpg,3,1
/home/duynd/haze_attrs/Haze_attributes/0/image_3686.jpg,3,2
/home/duynd/haze_attrs/Haze_attributes/0/image_2780.jpg,3,2
/home/duynd/haze_attrs/Haze_attributes/0/image_3516.jpg,3,2
/home/duynd/haze_attrs/Haze_attributes/0/image_3678.jpg,3,1
/home/duynd/haze_attrs/Haze_attributes/0/image_1642.jpg,3,2
/home/duynd/haze_attrs/Haze_attributes/0/image_1173.jpg,2,1
/home/duynd/haze_attrs/Haze_attributes/0/image_3826.jpg,3,1
/home/duynd/haze_attrs/Haze_attributes/0/image_1914.jpg,1,2
/home/duynd/haze_attrs/Haze_attributes/0/image_1093.jpg,1,1
/home/duynd/haze_attrs/Haze_attributes/0/image_4437.jpg,2,1
/home/duynd/haze_attrs/Haze_attributes/0/image_948.jpg,3,1
/home/duynd/haze_attrs/Haze_attributes/0/image_5316.jpg,3,3
/home/duynd/haze_attrs/Haze_attributes/0/image_1880.jpg,3,2
/home/duynd/haze_attrs/Haze_attributes/0/image_3383.jpg,3,1
/home/duynd/haze_attrs/Haze_attributes/0/image_2066.jpg,3,1
/home/duynd/haze_attrs/Haze_attributes/0/image_1036.jpg,3,1
/home/duynd/haze_attrs/Haze_attributes/0/image_4279.jpg,2,1
/home/duynd/haze_attrs/Haze_attributes/0/image_843.jpg,3,2
/home/duynd/haze_attrs/Haze_attributes/0/image_1908.jpg,3,1
/home/duynd/haze_attrs/Haze_attributes/0/image_3335.jpg,2,1
/home/duynd/haze_attrs/Haze_attributes/0/image_2164.jpg,1,2
/home/duynd/haze_attrs/Haze_attributes/0/image_3465.jpg,3,1
/home/duynd/haze_attrs/Haze_attributes/0/image_3845.jpg,1,1
/home/duynd/haze_attrs/Haze_attributes/0/image_2296.jpg,1,1
/home/duynd/haze_attrs/Haze_attributes/0/image_650.jpg,3,1
/home/duynd/haze_attrs/Haze_attributes/0/image_4255.jpg,1,1
/home/duynd/haze_attrs/Haze_attributes/0/image_641.jpg,3,3
/home/duynd/haze_attrs/Haze_attributes/0/image_694.jpg,2,2
/home/duynd/haze_attrs/Haze_attributes/0/image_3832.jpg,3,2
/home/duynd/haze_attrs/Haze_attributes/0/image_2564.jpg,3,3
/home/duynd/haze_attrs/Haze_attributes/0/image_547.jpg,1,1
/home/duynd/haze_attrs/Haze_attributes/0/image_1942.jpg,2,2
/home/duynd/haze_attrs/Haze_attributes/0/image_2169.jpg,3,1
/home/duynd/haze_attrs/Haze_attributes/0/image_3555.jpg,1,2
/home/duynd/haze_attrs/Haze_attributes/0/image_2357.jpg,3,3
/home/duynd/haze_attrs/Haze_attributes/0/image_2864.jpg,0,0
/home/duynd/haze_attrs/Haze_attributes/0/image_2623.jpg,3,1
/home/duynd/haze_attrs/Haze_attributes/0/image_5096.jpg,3,1
/home/duynd/haze_attrs/Haze_attributes/0/image_4682.jpg,3,1
/home/duynd/haze_attrs/Haze_attributes/0/image_3613.jpg,3,1
/home/duynd/haze_attrs/Haze_attributes/0/image_3967.jpg,3,1
/home/duynd/haze_attrs/Haze_attributes/0/image_3920.jpg,1,1
/home/duynd/haze_attrs/Haze_attributes/0/image_2984.jpg,2,1
/home/duynd/haze_attrs/Haze_attributes/0/image_1444.jpg,3,1
/home/duynd/haze_attrs/Haze_attributes/0/image_3846.jpg,0,0
/home/duynd/haze_attrs/Haze_attributes/0/image_5325.jpg,3,2
/home/duynd/haze_attrs/Haze_attributes/0/image_2559.jpg,2,2
/home/duynd/haze_attrs/Haze_attributes/0/image_4155.jpg,3,1
/home/duynd/haze_attrs/Haze_attributes/0/image_494.jpg,3,1
/home/duynd/haze_attrs/Haze_attributes/0/image_3690.jpg,2,2
/home/duynd/haze_attrs/Haze_attributes/0/image_3683.jpg,3,1
/home/duynd/haze_attrs/Haze_attributes/0/image_3414.jpg,3,2
/home/duynd/haze_attrs/Haze_attributes/0/image_4144.jpg,0,0
/home/duynd/haze_attrs/Haze_attributes/0/image_492.jpg,3,2
/home/duynd/haze_attrs/Haze_attributes/0/image_1727.jpg,1,1
/home/duynd/haze_attrs/Haze_attributes/0/image_3663.jpg,3,2
/home/duynd/haze_attrs/Haze_attributes/0/image_4835.jpg,1,2
/home/duynd/haze_attrs/Haze_attributes/0/image_1878.jpg,1,2
/home/duynd/haze_attrs/Haze_attributes/0/image_996.jpg,3,2
/home/duynd/haze_attrs/Haze_attributes/0/image_659.jpg,3,1
/home/duynd/haze_attrs/Haze_attributes/0/image_2261.jpg,3,2
/home/duynd/haze_attrs/Haze_attributes/0/image_1115.jpg,3,3
/home/duynd/haze_attrs/Haze_attributes/0/image_1437.jpg,2,1
/home/duynd/haze_attrs/Haze_attributes/0/image_5008.jpg,3,3
/home/duynd/haze_attrs/Haze_attributes/0/image_1054.jpg,2,1
/home/duynd/haze_attrs/Haze_attributes/0/image_2239.jpg,3,1
/home/duynd/haze_attrs/Haze_attributes/0/image_2408.jpg,3,2
/home/duynd/haze_attrs/Haze_attributes/0/image_646.jpg,3,1
/home/duynd/haze_attrs/Haze_attributes/0/image_1004.jpg,3,1
